{
  "swift": {
    "pearson_r": 0.0006170874112285674,
    "top1_acc": 0.001483679525222552,
    "top5_acc": 0.005934718100890208
  },
  "voxel_baseline": {
    "pearson_r": 0.007918338291347027,
    "top1_acc": 0.008883248730964468,
    "top5_acc": 0.008883248730964468
  }
}